split,accuracy,precision_macro,recall_macro,f1_macro
train,0.9975,0.9975691962907082,0.9975328798185941,0.9975484379003196
test,0.995,0.996031746031746,0.9944444444444445,0.9952028715677889
